per_travel_prob,per_travel_prob_lower,per_travel_prob_upper
4.1030376521740935e-5,7.951556505714065e-5,1.6792582002090985e-5
